,distance,LiOH_E
0,1.0,-81.55074952854082
1,3.25,-81.71228810339367
2,5.5,-81.70666232274746
3,7.75,-81.70659708388294
4,10.0,-81.70008533964038
